,WT_3_P,WT_4_P,WT_5_P,WT_6_P,WT_3_24,WT_4_24,WT_5_24,WT_6_24,WT_3_S,WT_4_S,WT_5_S,WT_6_S,WT_3_R,WT_4_R,WT_5_R,WT_6_R,phyB_3_P,phyB_4_P,phyB_5_P,phyB_6_P,phyB_3_24,phyB_4_24,phyB_5_24,phyB_6_24,phyB_3_S,phyB_4_S,phyB_5_S,phyB_6_S,phyB_3_R,phyB_4_R,phyB_5_R,phyB_6_R
PIFI,59.92203349,19.62711952,49.85072022,69.1606273,70.48405611,71.24679752,58.08616308,63.99641393,1.651848808,2.282521842,4.801708267,3.4024592,40.09584446,22.9572929,23.33063087,32.82851909,33.30107272,31.2834207,31.42640965,65.68982088,41.00855495,56.82846156,55.85883072,82.76885845,9.557719909,9.733927355,25.72352622,36.82469458,10.57880389,11.6552652,10.36861553,22.99337134
MEX1,0.255336506,0.416438284,11.55901692,11.00331146,0.417990455,0.803843053,12.75275147,6.344408497,0.031311916,0.053045228,10.39567809,0.929984694,0.10294327,0.317327192,66.69120441,5.107945126,1.835710506,1.963975678,2.758153827,2.856842598,1.350077416,745766121.7,2.912555354,3.555161202,0.947707248,1.118930964,2.489969858,3.364374881,0.885800015,1.596655625,0.698783214,1.574402858
RLK4,6.015957783,14.7160741,4.536352849,6.224888779,2.758617972,9.92425115,1.7322432,2.492336297,4.275067295,2.649994403,5.156329557,5.731666125,3.70897313,2.879780291,1.745855332,10.27748175,4.567417507,2.743761697,1.788045173,3.078114482,0,7.748127467,2.136568496,3.042564868,5.568105578,2.012552923,3.739327539,3.278169905,2.828290654,1.408566496,0.855026841,2.669998588
MGT6,0.028572985,0.027156231,0.027548141,0.014852486,0.02215443,0.032904384,0.017577061,0.003729082,0.004173609,0.005790271,0.006009876,0.000961018,0.004537233,0.023220599,0.003262088,0.002505433,0.006670159,0.007497425,0.007709252,0.006555518,0.004846849,0.007997107,0.005253669,0.008444072,0.009136342,0.004225749,0.003632536,0.025732448,0.002220322,0.004401129,0.002143426,0.00385126
